country,city_actual,rating_count,center1distance,center1label,center2distance,center2label,neighbourhood,price,price_night,city,stars,ratingta,ratingta_count,accommodationtype,guestreviewsrating,scarce_room,hotel_id,offer,offer_cat,year,month,weekend,holiday,nnights,acc_type,ratings,distance,distance_alter
Austria,Vienna,189.0,1.7 miles,City centre,3.8 miles,Donauturm,17. Hernals,81,price for 1 night,Vienna,4.0,3.5,708.0,_ACCOM_TYPE@Hotel,3.9 /5,0,21897.0,1,1-15% offer,2017,11,0,0,1,Hotel,3.9,1.7,3.8
Austria,Vienna,53.0,1.4 miles,City centre,2.5 miles,Donauturm,Alsergrund,85,price for 1 night,Vienna,4.0,3.5,629.0,_ACCOM_TYPE@Hotel,3.7 /5,0,21901.0,1,15-50% offer,2017,11,0,0,1,Hotel,3.7,1.4,2.5
Austria,Vienna,55.0,1.7 miles,City centre,2.5 miles,Donauturm,Alsergrund,83,price for 1 night,Vienna,3.0,4.0,52.0,_ACCOM_TYPE@Hotel,4 /5,0,21902.0,1,15-50% offer,2017,11,0,0,1,Hotel,4.0,1.7,2.5
Austria,Vienna,33.0,1.2 miles,City centre,2.8 miles,Donauturm,Alsergrund,82,price for 1 night,Vienna,4.0,3.5,219.0,_ACCOM_TYPE@Hotel,3.9 /5,1,21903.0,1,15-50% offer,2017,11,0,0,1,Hotel,3.9,1.2,2.8
Austria,Vienna,57.0,0.9 miles,City centre,2.4 miles,Donauturm,Alsergrund,103,price for 1 night,Vienna,4.0,3.5,251.0,_ACCOM_TYPE@Hotel,3.9 /5,1,21906.0,0,0% no offer,2017,11,0,0,1,Hotel,3.9,0.9,2.4
Austria,Vienna,161.0,1.0 mile,City centre,2.7 miles,Donauturm,Alsergrund,150,price for 1 night,Vienna,4.0,4.5,617.0,_ACCOM_TYPE@Hotel,4.6 /5,0,21907.0,0,0% no offer,2017,11,0,0,1,Hotel,4.6,1.0,2.7
Austria,Vienna,203.0,1.1 miles,City centre,2.7 miles,Donauturm,Alsergrund,60,price for 1 night,Vienna,4.0,4.0,359.0,_ACCOM_TYPE@Hotel,4.1 /5,1,21912.0,1,1-15% offer,2017,11,0,0,1,Hotel,4.1,1.1,2.7
Austria,Vienna,251.0,0.8 miles,City centre,2.9 miles,Donauturm,Alsergrund,128,price for 1 night,Vienna,4.0,4.0,829.0,_ACCOM_TYPE@Hotel,4 /5,0,21913.0,0,0% no offer,2017,11,0,0,1,Hotel,4.0,0.8,2.9
Austria,Vienna,18.0,1.7 miles,City centre,2.6 miles,Donauturm,Alsergrund,85,price for 1 night,Vienna,4.0,4.0,62.0,_ACCOM_TYPE@Hotel,4.1 /5,0,21917.0,1,1-15% offer,2017,11,0,0,1,Hotel,4.1,1.7,2.6
Austria,Vienna,20.0,0.9 miles,City centre,2.8 miles,Donauturm,Alsergrund,77,price for 1 night,Vienna,3.0,3.5,97.0,_ACCOM_TYPE@Hotel,3.7 /5,0,21918.0,1,15-50% offer,2017,11,0,0,1,Hotel,3.7,0.9,2.8
Austria,Vienna,77.0,0.8 miles,City centre,2.8 miles,Donauturm,Alsergrund,78,price for 1 night,Vienna,3.0,3.5,120.0,_ACCOM_TYPE@Hotel,3.9 /5,1,21919.0,1,15-50% offer,2017,11,0,0,1,Hotel,3.9,0.8,2.8
Austria,Vienna,76.0,0.9 miles,City centre,2.8 miles,Donauturm,Alsergrund,78,price for 1 night,Vienna,3.0,3.5,161.0,_ACCOM_TYPE@Hotel,4 /5,1,21920.0,0,0% no offer,2017,11,0,0,1,Hotel,4.0,0.9,2.8
Austria,Vienna,77.0,4.2 miles,City centre,1.5 miles,Donauturm,Donaustadt,77,price for 1 night,Vienna,3.0,4.0,158.0,_ACCOM_TYPE@Hotel,3.9 /5,1,21924.0,0,0% no offer,2017,11,0,0,1,Hotel,3.9,4.2,1.5
Austria,Vienna,193.0,3.9 miles,City centre,1.9 miles,Donauturm,Donaustadt,77,price for 1 night,Vienna,3.0,3.0,91.0,_ACCOM_TYPE@Hotel,2.7 /5,0,21925.0,1,50%-75% offer,2017,11,0,0,1,Hotel,2.7,3.9,1.9
Austria,Vienna,94.0,3.6 miles,City centre,1.2 miles,Donauturm,Donaustadt,95,price for 1 night,Vienna,4.0,4.0,228.0,_ACCOM_TYPE@Hotel,4.3 /5,0,21926.0,1,15-50% offer,2017,11,0,0,1,Hotel,4.3,3.6,1.2
Austria,Vienna,178.0,2.9 miles,City centre,0.6 miles,Donauturm,Donaustadt,208,price for 1 night,Vienna,4.0,4.0,1085.0,_ACCOM_TYPE@Hotel,4.1 /5,1,21930.0,0,0% no offer,2017,11,0,0,1,Hotel,4.1,2.9,0.6
Austria,Vienna,330.0,3.4 miles,City centre,0.9 miles,Donauturm,Donaustadt,87,price for 1 night,Vienna,3.0,3.5,423.0,_ACCOM_TYPE@Hotel,3.7 /5,1,21933.0,0,0% no offer,2017,11,0,0,1,Hotel,3.7,3.4,0.9
Austria,Vienna,194.0,2.0 miles,City centre,4.5 miles,Donauturm,Favoriten,54,price for 1 night,Vienna,3.0,4.0,522.0,_ACCOM_TYPE@Hotel,3.5 /5,0,21935.0,1,50%-75% offer,2017,11,0,0,1,Hotel,3.5,2.0,4.5
Austria,Vienna,441.0,1.7 miles,City centre,4.2 miles,Donauturm,Favoriten,99,price for 1 night,Vienna,3.5,4.5,630.0,_ACCOM_TYPE@Hotel,4.4 /5,0,21940.0,0,0% no offer,2017,11,0,0,1,Hotel,4.4,1.7,4.2
Austria,Vienna,1122.0,1.7 miles,City centre,4.1 miles,Donauturm,Favoriten,75,price for 1 night,Vienna,3.5,4.5,573.0,_ACCOM_TYPE@Hotel,4.4 /5,0,21941.0,1,15-50% offer,2017,11,0,0,1,Hotel,4.4,1.7,4.1
Austria,Vienna,362.0,2.1 miles,City centre,4.6 miles,Donauturm,Favoriten,76,price for 1 night,Vienna,3.0,4.0,269.0,_ACCOM_TYPE@Hotel,4.4 /5,0,21943.0,1,15-50% offer,2017,11,0,0,1,Hotel,4.4,2.1,4.6
Austria,Vienna,525.0,1.9 miles,City centre,4.2 miles,Donauturm,Favoriten,91,price for 1 night,Vienna,4.0,4.5,741.0,_ACCOM_TYPE@Hotel,4.5 /5,0,21946.0,0,0% no offer,2017,11,0,0,1,Hotel,4.5,1.9,4.2
Austria,Vienna,821.0,1.7 miles,City centre,4.2 miles,Donauturm,Favoriten,71,price for 1 night,Vienna,4.0,4.0,31.0,_ACCOM_TYPE@Hotel,4 /5,0,21959.0,1,1-15% offer,2017,11,0,0,1,Hotel,4.0,1.7,4.2
Austria,Fischamend,366.0,13 miles,City centre,13 miles,Donauturm,Fischamend,59,price for 1 night,Vienna,3.0,2.5,243.0,_ACCOM_TYPE@Hotel,3 /5,0,21964.0,1,15-50% offer,2017,11,0,0,1,Hotel,3.0,13.0,13.0
Austria,Vienna,77.0,0.2 miles,City centre,2.9 miles,Donauturm,Graben,113,price for 1 night,Vienna,3.0,4.0,259.0,_ACCOM_TYPE@Hotel,4.4 /5,0,21965.0,1,15-50% offer,2017,11,0,0,1,Hotel,4.4,0.2,2.9
Austria,Vienna,184.0,0.3 miles,City centre,2.6 miles,Donauturm,Innere Stadt,156,price for 1 night,Vienna,3.0,4.5,1347.0,_ACCOM_TYPE@Hotel,4.5 /5,1,21968.0,1,1-15% offer,2017,11,0,0,1,Hotel,4.5,0.3,2.6
Austria,Vienna,319.0,0.3 miles,City centre,2.6 miles,Donauturm,Innere Stadt,133,price for 1 night,Vienna,4.0,4.0,466.0,_ACCOM_TYPE@Hotel,4.3 /5,1,21970.0,1,15-50% offer,2017,11,0,0,1,Hotel,4.3,0.3,2.6
Austria,Vienna,73.0,0.5 miles,City centre,3.1 miles,Donauturm,Innere Stadt,123,price for 1 night,Vienna,4.0,3.5,47.0,_ACCOM_TYPE@Hotel,4.1 /5,1,21971.0,1,15-50% offer,2017,11,0,0,1,Hotel,4.1,0.5,3.1
Austria,Vienna,81.0,0.3 miles,City centre,3.0 miles,Donauturm,Innere Stadt,219,price for 1 night,Vienna,4.0,4.5,392.0,_ACCOM_TYPE@Hotel,4.5 /5,1,21972.0,1,1-15% offer,2017,11,0,0,1,Hotel,4.5,0.3,3.0
Austria,Vienna,271.0,0.3 miles,City centre,3.0 miles,Donauturm,Innere Stadt,152,price for 1 night,Vienna,4.0,4.0,261.0,_ACCOM_TYPE@Hotel,4.3 /5,0,21973.0,1,15-50% offer,2017,11,0,0,1,Hotel,4.3,0.3,3.0
Austria,Vienna,211.0,0.1 miles,City centre,2.7 miles,Donauturm,Innere Stadt,115,price for 1 night,Vienna,4.0,4.5,211.0,_ACCOM_TYPE@Hotel,4.3 /5,1,21975.0,1,15-50% offer,2017,11,0,0,1,Hotel,4.3,0.1,2.7
Austria,Vienna,316.0,0.2 miles,City centre,2.6 miles,Donauturm,Innere Stadt,138,price for 1 night,Vienna,4.0,4.5,463.0,_ACCOM_TYPE@Hotel,4.5 /5,0,21977.0,1,15-50% offer,2017,11,0,0,1,Hotel,4.5,0.2,2.6
Austria,Vienna,336.0,0.1 miles,City centre,2.9 miles,Donauturm,Innere Stadt,146,price for 1 night,Vienna,4.0,4.0,714.0,_ACCOM_TYPE@Hotel,4.4 /5,0,21980.0,0,0% no offer,2017,11,0,0,1,Hotel,4.4,0.1,2.9
Austria,Vienna,88.0,0.5 miles,City centre,2.6 miles,Donauturm,Innere Stadt,98,price for 1 night,Vienna,3.0,3.5,66.0,_ACCOM_TYPE@Hotel,3.7 /5,1,21984.0,0,0% no offer,2017,11,0,0,1,Hotel,3.7,0.5,2.6
Austria,Vienna,140.0,0.3 miles,City centre,2.5 miles,Donauturm,Innere Stadt,121,price for 1 night,Vienna,3.5,4.5,557.0,_ACCOM_TYPE@Hotel,4.5 /5,1,21985.0,1,15-50% offer,2017,11,0,0,1,Hotel,4.5,0.3,2.5
Austria,Vienna,391.0,0.2 miles,City centre,2.6 miles,Donauturm,Innere Stadt,149,price for 1 night,Vienna,4.0,4.0,1516.0,_ACCOM_TYPE@Hotel,4 /5,0,21986.0,1,1-15% offer,2017,11,0,0,1,Hotel,4.0,0.2,2.6
Austria,Vienna,320.0,0.3 miles,City centre,2.5 miles,Donauturm,Innere Stadt,120,price for 1 night,Vienna,3.0,3.5,515.0,_ACCOM_TYPE@Hotel,3.9 /5,0,21987.0,1,1-15% offer,2017,11,0,0,1,Hotel,3.9,0.3,2.5
Austria,Vienna,21.0,0.4 miles,City centre,2.9 miles,Donauturm,Innere Stadt,157,price for 1 night,Vienna,3.0,4.5,146.0,_ACCOM_TYPE@Hotel,4.4 /5,1,21988.0,1,1-15% offer,2017,11,0,0,1,Hotel,4.4,0.4,2.9
Austria,Vienna,505.0,0.2 miles,City centre,2.9 miles,Donauturm,Innere Stadt,112,price for 1 night,Vienna,4.0,4.0,607.0,_ACCOM_TYPE@Hotel,4 /5,0,21995.0,1,15-50% offer,2017,11,0,0,1,Hotel,4.0,0.2,2.9
Austria,Vienna,386.0,0.3 miles,City centre,2.5 miles,Donauturm,Innere Stadt,138,price for 1 night,Vienna,4.0,4.0,273.0,_ACCOM_TYPE@Hotel,4.3 /5,0,21996.0,1,15-50% offer,2017,11,0,0,1,Hotel,4.3,0.3,2.5
Austria,Vienna,47.0,0.3 miles,City centre,3.1 miles,Donauturm,Innere Stadt,158,price for 1 night,Vienna,3.0,4.0,232.0,_ACCOM_TYPE@Hotel,4.3 /5,1,22009.0,0,0% no offer,2017,11,0,0,1,Hotel,4.3,0.3,3.1
Austria,Vienna,124.0,0.2 miles,City centre,2.6 miles,Donauturm,Innere Stadt,218,price for 1 night,Vienna,4.0,5.0,1112.0,_ACCOM_TYPE@Hotel,4.6 /5,1,22011.0,1,50%-75% offer,2017,11,0,0,1,Hotel,4.6,0.2,2.6
Austria,Vienna,115.0,0.1 miles,City centre,2.7 miles,Donauturm,Innere Stadt,218,price for 1 night,Vienna,4.0,4.5,475.0,_ACCOM_TYPE@Hotel,4.5 /5,0,22012.0,1,15-50% offer,2017,11,0,0,1,Hotel,4.5,0.1,2.7
Austria,Vienna,110.0,0.3 miles,City centre,2.6 miles,Donauturm,Innere Stadt,135,price for 1 night,Vienna,3.0,3.5,162.0,_ACCOM_TYPE@Hotel,3.9 /5,0,22013.0,1,15-50% offer,2017,11,0,0,1,Hotel,3.9,0.3,2.6
Austria,Vienna,467.0,0.5 miles,City centre,3.3 miles,Donauturm,Innere Stadt,179,price for 1 night,Vienna,4.0,4.5,423.0,_ACCOM_TYPE@Hotel,4.4 /5,1,22016.0,0,0% no offer,2017,11,0,0,1,Hotel,4.4,0.5,3.3
Austria,Vienna,650.0,0.7 miles,City centre,3.5 miles,Donauturm,Innere Stadt,157,price for 1 night,Vienna,4.0,4.5,1380.0,_ACCOM_TYPE@Hotel,4.5 /5,0,22018.0,1,1-15% offer,2017,11,0,0,1,Hotel,4.5,0.7,3.5
Austria,Vienna,95.0,0.3 miles,City centre,2.8 miles,Donauturm,Innere Stadt,146,price for 1 night,Vienna,4.0,4.5,770.0,_ACCOM_TYPE@Hotel,4.5 /5,1,22019.0,0,0% no offer,2017,11,0,0,1,Hotel,4.5,0.3,2.8
Austria,Vienna,168.0,0.1 miles,City centre,2.8 miles,Donauturm,Innere Stadt,157,price for 1 night,Vienna,4.0,4.0,392.0,_ACCOM_TYPE@Hotel,4.1 /5,1,22021.0,0,0% no offer,2017,11,0,0,1,Hotel,4.1,0.1,2.8
Austria,Vienna,175.0,0.3 miles,City centre,2.5 miles,Donauturm,Innere Stadt,108,price for 1 night,Vienna,3.0,3.5,234.0,_ACCOM_TYPE@Hotel,3.5 /5,1,22023.0,1,15-50% offer,2017,11,0,0,1,Hotel,3.5,0.3,2.5
Austria,Vienna,426.0,0.8 miles,City centre,3.1 miles,Donauturm,Innere Stadt,127,price for 1 night,Vienna,4.0,4.0,840.0,_ACCOM_TYPE@Hotel,4 /5,0,22026.0,1,15-50% offer,2017,11,0,0,1,Hotel,4.0,0.8,3.1
Austria,Vienna,148.0,0.4 miles,City centre,2.7 miles,Donauturm,Innere Stadt,163,price for 1 night,Vienna,4.0,4.0,388.0,_ACCOM_TYPE@Hotel,4.1 /5,1,22028.0,0,0% no offer,2017,11,0,0,1,Hotel,4.1,0.4,2.7
Austria,Vienna,56.0,0.1 miles,City centre,2.7 miles,Donauturm,Innere Stadt,231,price for 1 night,Vienna,4.0,4.5,282.0,_ACCOM_TYPE@Hotel,4.4 /5,0,22031.0,1,15-50% offer,2017,11,0,0,1,Hotel,4.4,0.1,2.7
Austria,Vienna,247.0,0.4 miles,City centre,2.6 miles,Donauturm,Innere Stadt,116,price for 1 night,Vienna,4.0,4.5,1274.0,_ACCOM_TYPE@Hotel,4.4 /5,1,22032.0,1,15-50% offer,2017,11,0,0,1,Hotel,4.4,0.4,2.6
Austria,Vienna,703.0,0.6 miles,City centre,2.8 miles,Donauturm,Innere Stadt,166,price for 1 night,Vienna,4.0,4.0,1592.0,_ACCOM_TYPE@Hotel,4.3 /5,1,22037.0,1,15-50% offer,2017,11,0,0,1,Hotel,4.3,0.6,2.8
Austria,Vienna,81.0,0.3 miles,City centre,2.5 miles,Donauturm,Innere Stadt,169,price for 1 night,Vienna,4.0,4.5,561.0,_ACCOM_TYPE@Hotel,4.5 /5,1,22042.0,0,0% no offer,2017,11,0,0,1,Hotel,4.5,0.3,2.5
Austria,Vienna,404.0,0.0 miles,City centre,2.8 miles,Donauturm,Innere Stadt,242,price for 1 night,Vienna,4.0,4.5,2165.0,_ACCOM_TYPE@Hotel,4.8 /5,0,22050.0,1,1-15% offer,2017,11,0,0,1,Hotel,4.8,0.0,2.8
Austria,Vienna,123.0,0.5 miles,City centre,2.4 miles,Donauturm,Innere Stadt,223,price for 1 night,Vienna,4.0,3.5,276.0,_ACCOM_TYPE@Hotel,3.5 /5,1,22051.0,0,0% no offer,2017,11,0,0,1,Hotel,3.5,0.5,2.4
Austria,Vienna,653.0,0.3 miles,City centre,2.7 miles,Donauturm,Innere Stadt,149,price for 1 night,Vienna,4.0,4.5,930.0,_ACCOM_TYPE@Hotel,4.4 /5,1,22052.0,1,15-50% offer,2017,11,0,0,1,Hotel,4.4,0.3,2.7
Austria,Vienna,388.0,0.5 miles,City centre,2.3 miles,Donauturm,Innere Stadt,114,price for 1 night,Vienna,4.0,4.0,836.0,_ACCOM_TYPE@Hotel,4 /5,0,22054.0,1,15-50% offer,2017,11,0,0,1,Hotel,4.0,0.5,2.3
Austria,Vienna,34.0,0.2 miles,City centre,2.9 miles,Donauturm,Innere Stadt,139,price for 1 night,Vienna,4.0,3.5,54.0,_ACCOM_TYPE@Hotel,3.5 /5,1,22061.0,1,1-15% offer,2017,11,0,0,1,Hotel,3.5,0.2,2.9
Austria,Vienna,102.0,1.4 miles,City centre,3.6 miles,Donauturm,Josefstadt,79,price for 1 night,Vienna,3.0,3.5,127.0,_ACCOM_TYPE@Hotel,3.5 /5,1,22064.0,1,1-15% offer,2017,11,0,0,1,Hotel,3.5,1.4,3.6
Austria,Vienna,354.0,0.9 miles,City centre,3.4 miles,Donauturm,Josefstadt,110,price for 1 night,Vienna,3.0,4.0,419.0,_ACCOM_TYPE@Hotel,4.1 /5,0,22071.0,1,15-50% offer,2017,11,0,0,1,Hotel,4.1,0.9,3.4
Austria,Vienna,92.0,0.9 miles,City centre,3.3 miles,Donauturm,Josefstadt,88,price for 1 night,Vienna,3.0,4.0,509.0,_ACCOM_TYPE@Hotel,4.4 /5,1,22072.0,1,15-50% offer,2017,11,0,0,1,Hotel,4.4,0.9,3.3
Austria,Vienna,128.0,1.6 miles,City centre,3.7 miles,Donauturm,Josefstadt,59,price for 1 night,Vienna,3.0,4.0,967.0,_ACCOM_TYPE@Hotel,3.9 /5,1,22075.0,1,50%-75% offer,2017,11,0,0,1,Hotel,3.9,1.6,3.7
Austria,Vienna,530.0,0.9 miles,City centre,3.4 miles,Donauturm,Josefstadt,119,price for 1 night,Vienna,4.0,4.0,1358.0,_ACCOM_TYPE@Hotel,4 /5,0,22076.0,1,1-15% offer,2017,11,0,0,1,Hotel,4.0,0.9,3.4
Austria,Vienna,342.0,0.9 miles,City centre,3.4 miles,Donauturm,Josefstadt,152,price for 1 night,Vienna,4.0,4.0,1461.0,_ACCOM_TYPE@Hotel,4.3 /5,0,22077.0,1,1-15% offer,2017,11,0,0,1,Hotel,4.3,0.9,3.4
Austria,Vienna,194.0,1.0 mile,City centre,3.4 miles,Donauturm,Josefstadt,102,price for 1 night,Vienna,4.0,4.0,346.0,_ACCOM_TYPE@Hotel,4 /5,0,22078.0,1,1-15% offer,2017,11,0,0,1,Hotel,4.0,1.0,3.4
Austria,Vienna,63.0,1.1 miles,City centre,3.4 miles,Donauturm,Josefstadt,54,price for 1 night,Vienna,3.0,3.0,85.0,_ACCOM_TYPE@Hotel,3.2 /5,1,22080.0,1,15-50% offer,2017,11,0,0,1,Hotel,3.2,1.1,3.4
Austria,Vienna,169.0,1.0 mile,City centre,3.4 miles,Donauturm,Josefstadt,94,price for 1 night,Vienna,3.0,4.0,452.0,_ACCOM_TYPE@Hotel,4.1 /5,1,22084.0,1,15-50% offer,2017,11,0,0,1,Hotel,4.1,1.0,3.4
Austria,Vienna,765.0,0.9 miles,City centre,3.5 miles,Donauturm,Josefstadt,115,price for 1 night,Vienna,4.0,4.5,2150.0,_ACCOM_TYPE@Hotel,4.5 /5,0,22088.0,1,15-50% offer,2017,11,0,0,1,Hotel,4.5,0.9,3.5
Austria,Vienna,43.0,0.9 miles,City centre,3.2 miles,Donauturm,Josefstadt,68,price for 1 night,Vienna,3.0,3.5,182.0,_ACCOM_TYPE@Hotel,3.7 /5,1,22090.0,1,15-50% offer,2017,11,0,0,1,Hotel,3.7,0.9,3.2
Austria,Vienna,184.0,0.2 miles,City centre,3.0 miles,Donauturm,Kaerntner Strasse,153,price for 1 night,Vienna,4.0,4.0,700.0,_ACCOM_TYPE@Hotel,4.1 /5,1,22093.0,1,15-50% offer,2017,11,0,0,1,Hotel,4.1,0.2,3.0
Austria,Vienna,313.0,0.3 miles,City centre,3.1 miles,Donauturm,Kaerntner Strasse,169,price for 1 night,Vienna,4.0,4.0,760.0,_ACCOM_TYPE@Hotel,4.1 /5,1,22095.0,1,1-15% offer,2017,11,0,0,1,Hotel,4.1,0.3,3.1
Austria,Vienna,323.0,0.5 miles,City centre,3.3 miles,Donauturm,Kaerntner Strasse,182,price for 1 night,Vienna,4.0,4.5,327.0,_ACCOM_TYPE@Hotel,4.5 /5,0,22097.0,1,1-15% offer,2017,11,0,0,1,Hotel,4.5,0.5,3.3
Austria,Vienna,512.0,0.1 miles,City centre,2.8 miles,Donauturm,Kaerntner Strasse,142,price for 1 night,Vienna,4.0,4.0,837.0,_ACCOM_TYPE@Hotel,4.4 /5,0,22101.0,1,15-50% offer,2017,11,0,0,1,Hotel,4.4,0.1,2.8
Austria,Vienna,340.0,0.6 miles,City centre,3.2 miles,Donauturm,Landstrasse,110,price for 1 night,Vienna,4.0,4.5,2718.0,_ACCOM_TYPE@Hotel,4.3 /5,0,22104.0,1,1-15% offer,2017,11,0,0,1,Hotel,4.3,0.6,3.2
Austria,Vienna,181.0,1.4 miles,City centre,3.1 miles,Donauturm,Landstrasse,82,price for 1 night,Vienna,4.0,4.0,395.0,_ACCOM_TYPE@Hotel,4 /5,0,22117.0,1,15-50% offer,2017,11,0,0,1,Hotel,4.0,1.4,3.1
Austria,Vienna,359.0,1.7 miles,City centre,3.3 miles,Donauturm,Landstrasse,82,price for 1 night,Vienna,4.0,4.0,717.0,_ACCOM_TYPE@Hotel,4.1 /5,1,22118.0,1,1-15% offer,2017,11,0,0,1,Hotel,4.1,1.7,3.3
Austria,Vienna,160.0,1.8 miles,City centre,3.4 miles,Donauturm,Landstrasse,66,price for 1 night,Vienna,3.0,3.5,203.0,_ACCOM_TYPE@Hotel,3.9 /5,0,22119.0,1,15-50% offer,2017,11,0,0,1,Hotel,3.9,1.8,3.4
Austria,Vienna,303.0,0.8 miles,City centre,2.7 miles,Donauturm,Landstrasse,169,price for 1 night,Vienna,4.0,4.0,1208.0,_ACCOM_TYPE@Hotel,4.1 /5,0,22120.0,0,0% no offer,2017,11,0,0,1,Hotel,4.1,0.8,2.7
Austria,Vienna,173.0,1.5 miles,City centre,3.8 miles,Donauturm,Landstrasse,109,price for 1 night,Vienna,4.0,4.0,666.0,_ACCOM_TYPE@Hotel,4.1 /5,0,22123.0,0,0% no offer,2017,11,0,0,1,Hotel,4.1,1.5,3.8
Austria,Vienna,114.0,0.7 miles,City centre,2.6 miles,Donauturm,Landstrasse,104,price for 1 night,Vienna,3.0,3.0,72.0,_ACCOM_TYPE@Hotel,3.4 /5,1,22125.0,0,0% no offer,2017,11,0,0,1,Hotel,3.4,0.7,2.6
Austria,Vienna,249.0,0.9 miles,City centre,2.5 miles,Donauturm,Landstrasse,145,price for 1 night,Vienna,3.5,4.5,730.0,_ACCOM_TYPE@Hotel,4.3 /5,0,22126.0,1,15-50% offer,2017,11,0,0,1,Hotel,4.3,0.9,2.5
Austria,Vienna,13.0,0.8 miles,City centre,2.1 miles,Donauturm,Landstrasse,85,price for 1 night,Vienna,3.0,3.5,183.0,_ACCOM_TYPE@Hotel,3.5 /5,1,22130.0,1,50%-75% offer,2017,11,0,0,1,Hotel,3.5,0.8,2.1
Austria,Vienna,109.0,1.3 miles,City centre,3.3 miles,Donauturm,Landstrasse,110,price for 1 night,Vienna,3.0,3.5,529.0,_ACCOM_TYPE@Hotel,3.7 /5,1,22136.0,0,0% no offer,2017,11,0,0,1,Hotel,3.7,1.3,3.3
Austria,Vienna,171.0,0.6 miles,City centre,3.0 miles,Donauturm,Landstrasse,134,price for 1 night,Vienna,4.0,4.5,343.0,_ACCOM_TYPE@Hotel,4.3 /5,1,22138.0,1,15-50% offer,2017,11,0,0,1,Hotel,4.3,0.6,3.0
Austria,Vienna,79.0,1.3 miles,City centre,3.3 miles,Donauturm,Landstrasse,79,price for 1 night,Vienna,4.0,3.5,77.0,_ACCOM_TYPE@Hotel,3.7 /5,1,22140.0,0,0% no offer,2017,11,0,0,1,Hotel,3.7,1.3,3.3
Austria,Vienna,281.0,1.0 mile,City centre,3.2 miles,Donauturm,Landstrasse,132,price for 1 night,Vienna,4.0,4.0,1403.0,_ACCOM_TYPE@Hotel,4.1 /5,0,22142.0,1,15-50% offer,2017,11,0,0,1,Hotel,4.1,1.0,3.2
Austria,Vienna,267.0,0.6 miles,City centre,2.3 miles,Donauturm,Leopoldstadt,128,price for 1 night,Vienna,4.0,4.0,1437.0,_ACCOM_TYPE@Hotel,4.1 /5,0,22144.0,1,15-50% offer,2017,11,0,0,1,Hotel,4.1,0.6,2.3
Austria,Vienna,183.0,1.5 miles,City centre,1.6 miles,Donauturm,Leopoldstadt,99,price for 1 night,Vienna,3.0,4.5,491.0,_ACCOM_TYPE@Hotel,4.5 /5,0,22145.0,0,0% no offer,2017,11,0,0,1,Hotel,4.5,1.5,1.6
Austria,Vienna,136.0,1.8 miles,City centre,1.0 mile,Donauturm,Leopoldstadt,86,price for 1 night,Vienna,4.0,3.5,326.0,_ACCOM_TYPE@Hotel,4 /5,0,22149.0,1,50%-75% offer,2017,11,0,0,1,Hotel,4.0,1.8,1.0
Austria,Vienna,242.0,1.0 mile,City centre,1.9 miles,Donauturm,Leopoldstadt,63,price for 1 night,Vienna,3.0,3.0,183.0,_ACCOM_TYPE@Hotel,3.4 /5,1,22152.0,1,1-15% offer,2017,11,0,0,1,Hotel,3.4,1.0,1.9
Austria,Vienna,16.0,0.6 miles,City centre,2.2 miles,Donauturm,Leopoldstadt,134,price for 1 night,Vienna,3.5,4.5,70.0,_ACCOM_TYPE@Hotel,4 /5,1,22155.0,1,15-50% offer,2017,11,0,0,1,Hotel,4.0,0.6,2.2
Austria,Vienna,122.0,0.9 miles,City centre,1.9 miles,Donauturm,Leopoldstadt,79,price for 1 night,Vienna,3.0,4.0,290.0,_ACCOM_TYPE@Hotel,3.7 /5,0,22157.0,1,15-50% offer,2017,11,0,0,1,Hotel,3.7,0.9,1.9
Austria,Vienna,250.0,0.5 miles,City centre,2.3 miles,Donauturm,Leopoldstadt,138,price for 1 night,Vienna,4.0,4.0,1023.0,_ACCOM_TYPE@Hotel,4 /5,0,22158.0,0,0% no offer,2017,11,0,0,1,Hotel,4.0,0.5,2.3
Austria,Vienna,603.0,1.0 mile,City centre,1.8 miles,Donauturm,Leopoldstadt,113,price for 1 night,Vienna,4.0,4.5,1516.0,_ACCOM_TYPE@Hotel,4.5 /5,1,22159.0,1,15-50% offer,2017,11,0,0,1,Hotel,4.5,1.0,1.8
Austria,Vienna,152.0,1.5 miles,City centre,1.4 miles,Donauturm,Leopoldstadt,84,price for 1 night,Vienna,3.0,4.0,1249.0,_ACCOM_TYPE@Hotel,3.9 /5,0,22162.0,1,15-50% offer,2017,11,0,0,1,Hotel,3.9,1.5,1.4
Austria,Vienna,84.0,0.9 miles,City centre,2.1 miles,Donauturm,Leopoldstadt,68,price for 1 night,Vienna,3.0,4.0,129.0,_ACCOM_TYPE@Hotel,4 /5,1,22165.0,1,15-50% offer,2017,11,0,0,1,Hotel,4.0,0.9,2.1
Austria,Vienna,208.0,1.5 miles,City centre,1.4 miles,Donauturm,Leopoldstadt,102,price for 1 night,Vienna,3.5,4.0,281.0,_ACCOM_TYPE@Hotel,3.9 /5,0,22166.0,1,50%-75% offer,2017,11,0,0,1,Hotel,3.9,1.5,1.4
Austria,Vienna,267.0,1.6 miles,City centre,1.7 miles,Donauturm,Leopoldstadt,82,price for 1 night,Vienna,3.0,4.0,727.0,_ACCOM_TYPE@Hotel,4.1 /5,0,22169.0,1,15-50% offer,2017,11,0,0,1,Hotel,4.1,1.6,1.7
Austria,Vienna,275.0,1.1 miles,City centre,1.7 miles,Donauturm,Leopoldstadt,66,price for 1 night,Vienna,3.0,4.0,407.0,_ACCOM_TYPE@Hotel,4 /5,1,22170.0,1,15-50% offer,2017,11,0,0,1,Hotel,4.0,1.1,1.7
Austria,Vienna,374.0,0.8 miles,City centre,2.1 miles,Donauturm,Leopoldstadt,113,price for 1 night,Vienna,3.0,4.5,1686.0,_ACCOM_TYPE@Hotel,4.5 /5,0,22176.0,1,15-50% offer,2017,11,0,0,1,Hotel,4.5,0.8,2.1
Austria,Vienna,468.0,1.0 mile,City centre,1.9 miles,Donauturm,Leopoldstadt,106,price for 1 night,Vienna,3.0,4.5,1449.0,_ACCOM_TYPE@Hotel,4.5 /5,1,22177.0,1,15-50% offer,2017,11,0,0,1,Hotel,4.5,1.0,1.9
Austria,Vienna,422.0,1.6 miles,City centre,1.2 miles,Donauturm,Leopoldstadt,89,price for 1 night,Vienna,3.0,4.0,1580.0,_ACCOM_TYPE@Hotel,4.1 /5,0,22179.0,1,15-50% offer,2017,11,0,0,1,Hotel,4.1,1.6,1.2
Austria,Vienna,527.0,0.8 miles,City centre,2.0 miles,Donauturm,Leopoldstadt,106,price for 1 night,Vienna,4.0,4.0,739.0,_ACCOM_TYPE@Hotel,4.1 /5,1,22182.0,1,15-50% offer,2017,11,0,0,1,Hotel,4.1,0.8,2.0
Austria,Vienna,637.0,0.8 miles,City centre,2.0 miles,Donauturm,Leopoldstadt,100,price for 1 night,Vienna,4.0,4.0,584.0,_ACCOM_TYPE@Hotel,4 /5,1,22183.0,1,15-50% offer,2017,11,0,0,1,Hotel,4.0,0.8,2.0
Austria,Vienna,461.0,0.7 miles,City centre,2.2 miles,Donauturm,Leopoldstadt,75,price for 1 night,Vienna,3.0,4.0,827.0,_ACCOM_TYPE@Hotel,4.1 /5,0,22184.0,1,15-50% offer,2017,11,0,0,1,Hotel,4.1,0.7,2.2
Austria,Vienna,3.0,0.8 miles,City centre,2.2 miles,Donauturm,Leopoldstadt,84,price for 1 night,Vienna,3.0,4.0,92.0,_ACCOM_TYPE@Hotel,2.2 /5,1,22185.0,0,0% no offer,2017,11,0,0,1,Hotel,2.2,0.8,2.2
Austria,Vienna,104.0,0.5 miles,City centre,2.3 miles,Donauturm,Leopoldstadt,151,price for 1 night,Vienna,4.0,4.5,1272.0,_ACCOM_TYPE@Hotel,4.6 /5,0,22187.0,0,0% no offer,2017,11,0,0,1,Hotel,4.6,0.5,2.3
Austria,Vienna,90.0,0.9 miles,City centre,1.9 miles,Donauturm,Leopoldstadt,87,price for 1 night,Vienna,3.0,3.5,314.0,_ACCOM_TYPE@Hotel,3.5 /5,0,22188.0,0,0% no offer,2017,11,0,0,1,Hotel,3.5,0.9,1.9
Austria,Vienna,75.0,0.5 miles,City centre,2.3 miles,Donauturm,Leopoldstadt,117,price for 1 night,Vienna,4.0,4.5,836.0,_ACCOM_TYPE@Hotel,4.4 /5,1,22189.0,0,0% no offer,2017,11,0,0,1,Hotel,4.4,0.5,2.3
Austria,Vienna,139.0,1.9 miles,City centre,1.9 miles,Donauturm,Leopoldstadt,120,price for 1 night,Vienna,4.0,4.0,807.0,_ACCOM_TYPE@Hotel,4.5 /5,0,22190.0,1,50%-75% offer,2017,11,0,0,1,Hotel,4.5,1.9,1.9
Austria,Vienna,122.0,1.9 miles,City centre,4.7 miles,Donauturm,Margareten,383,price for 1 night,Vienna,3.0,4.0,382.0,_ACCOM_TYPE@Hotel,4 /5,1,22193.0,0,0% no offer,2017,11,0,0,1,Hotel,4.0,1.9,4.7
Austria,Vienna,144.0,1.5 miles,City centre,4.3 miles,Donauturm,Margareten,174,price for 1 night,Vienna,4.0,4.5,1650.0,_ACCOM_TYPE@Hotel,4.3 /5,0,22198.0,0,0% no offer,2017,11,0,0,1,Hotel,4.3,1.5,4.3
Austria,Vienna,80.0,2.0 miles,City centre,4.7 miles,Donauturm,Margareten,63,price for 1 night,Vienna,3.0,3.5,335.0,_ACCOM_TYPE@Hotel,3.5 /5,0,22199.0,1,15-50% offer,2017,11,0,0,1,Hotel,3.5,2.0,4.7
Austria,Vienna,58.0,1.5 miles,City centre,4.3 miles,Donauturm,Margareten,100,price for 1 night,Vienna,3.5,4.5,15.0,_ACCOM_TYPE@Hotel,4.5 /5,0,22201.0,0,0% no offer,2017,11,0,0,1,Hotel,4.5,1.5,4.3
Austria,Vienna,303.0,1.4 miles,City centre,4.2 miles,Donauturm,Margareten,86,price for 1 night,Vienna,4.0,3.5,1708.0,_ACCOM_TYPE@Hotel,3.9 /5,0,22203.0,1,1-15% offer,2017,11,0,0,1,Hotel,3.9,1.4,4.2
Austria,Vienna,82.0,1.8 miles,City centre,4.5 miles,Donauturm,Margareten,67,price for 1 night,Vienna,3.0,4.0,909.0,_ACCOM_TYPE@Hotel,4 /5,0,22205.0,1,15-50% offer,2017,11,0,0,1,Hotel,4.0,1.8,4.5
Austria,Vienna,248.0,1.3 miles,City centre,4.1 miles,Donauturm,Margareten,129,price for 1 night,Vienna,4.0,4.0,372.0,_ACCOM_TYPE@Hotel,4.1 /5,0,22206.0,1,1-15% offer,2017,11,0,0,1,Hotel,4.1,1.3,4.1
Austria,Vienna,85.0,1.3 miles,City centre,4.1 miles,Donauturm,Mariahilf,86,price for 1 night,Vienna,3.0,4.0,383.0,_ACCOM_TYPE@Hotel,4 /5,1,22212.0,0,0% no offer,2017,11,0,0,1,Hotel,4.0,1.3,4.1
Austria,Vienna,258.0,0.7 miles,City centre,3.4 miles,Donauturm,Mariahilf,131,price for 1 night,Vienna,4.0,4.0,682.0,_ACCOM_TYPE@Hotel,4.1 /5,0,22214.0,1,1-15% offer,2017,11,0,0,1,Hotel,4.1,0.7,3.4
Austria,Vienna,44.0,1.4 miles,City centre,4.2 miles,Donauturm,Mariahilf,80,price for 1 night,Vienna,3.0,3.5,170.0,_ACCOM_TYPE@Hotel,3.9 /5,0,22218.0,0,0% no offer,2017,11,0,0,1,Hotel,3.9,1.4,4.2
Austria,Vienna,125.0,1.1 miles,City centre,3.9 miles,Donauturm,Mariahilf,93,price for 1 night,Vienna,4.0,4.0,410.0,_ACCOM_TYPE@Hotel,4 /5,1,22219.0,1,15-50% offer,2017,11,0,0,1,Hotel,4.0,1.1,3.9
Austria,Vienna,161.0,1.9 miles,City centre,4.6 miles,Donauturm,Mariahilf,77,price for 1 night,Vienna,3.0,4.0,2102.0,_ACCOM_TYPE@Hotel,4 /5,0,22222.0,1,1-15% offer,2017,11,0,0,1,Hotel,4.0,1.9,4.6
Austria,Vienna,210.0,0.8 miles,City centre,3.6 miles,Donauturm,Mariahilf,140,price for 1 night,Vienna,4.0,5.0,1495.0,_ACCOM_TYPE@Hotel,4.8 /5,1,22223.0,1,15-50% offer,2017,11,0,0,1,Hotel,4.8,0.8,3.6
Austria,Vienna,264.0,1.0 mile,City centre,3.8 miles,Donauturm,Mariahilf,99,price for 1 night,Vienna,4.0,4.0,1228.0,_ACCOM_TYPE@Hotel,4 /5,1,22224.0,1,15-50% offer,2017,11,0,0,1,Hotel,4.0,1.0,3.8
Austria,Vienna,162.0,1.4 miles,City centre,4.1 miles,Donauturm,Mariahilf,105,price for 1 night,Vienna,4.0,4.5,716.0,_ACCOM_TYPE@Hotel,4.4 /5,0,22226.0,1,15-50% offer,2017,11,0,0,1,Hotel,4.4,1.4,4.1
Austria,Vienna,581.0,1.7 miles,City centre,4.4 miles,Donauturm,Mariahilf,100,price for 1 night,Vienna,3.5,4.5,1414.0,_ACCOM_TYPE@Hotel,4.5 /5,0,22227.0,1,15-50% offer,2017,11,0,0,1,Hotel,4.5,1.7,4.4
Austria,Vienna,39.0,1.1 miles,City centre,3.9 miles,Donauturm,Mariahilf,82,price for 1 night,Vienna,3.0,3.5,78.0,_ACCOM_TYPE@Hotel,3.9 /5,0,22229.0,1,15-50% offer,2017,11,0,0,1,Hotel,3.9,1.1,3.9
Austria,Vienna,484.0,1.8 miles,City centre,4.5 miles,Donauturm,Mariahilf,82,price for 1 night,Vienna,4.0,4.0,1150.0,_ACCOM_TYPE@Hotel,3.9 /5,0,22230.0,0,0% no offer,2017,11,0,0,1,Hotel,3.9,1.8,4.5
Austria,Vienna,45.0,1.9 miles,City centre,4.7 miles,Donauturm,Mariahilf,87,price for 1 night,Vienna,4.0,4.0,290.0,_ACCOM_TYPE@Hotel,3.5 /5,0,22235.0,1,15-50% offer,2017,11,0,0,1,Hotel,3.5,1.9,4.7
Austria,Vienna,98.0,1.6 miles,City centre,4.3 miles,Donauturm,Mariahilf,100,price for 1 night,Vienna,4.0,3.5,372.0,_ACCOM_TYPE@Hotel,3.7 /5,0,22236.0,1,15-50% offer,2017,11,0,0,1,Hotel,3.7,1.6,4.3
Austria,Vienna,239.0,1.6 miles,City centre,4.3 miles,Donauturm,Mariahilf,84,price for 1 night,Vienna,4.0,4.0,561.0,_ACCOM_TYPE@Hotel,4.3 /5,0,22237.0,1,15-50% offer,2017,11,0,0,1,Hotel,4.3,1.6,4.3
Austria,Vienna,100.0,0.8 miles,City centre,3.5 miles,Donauturm,Neubau,98,price for 1 night,Vienna,4.0,4.0,650.0,_ACCOM_TYPE@Hotel,3.7 /5,1,22239.0,1,15-50% offer,2017,11,0,0,1,Hotel,3.7,0.8,3.5
Austria,Vienna,305.0,1.8 miles,City centre,4.4 miles,Donauturm,Neubau,99,price for 1 night,Vienna,3.0,4.0,1171.0,_ACCOM_TYPE@Hotel,4.1 /5,0,22241.0,0,0% no offer,2017,11,0,0,1,Hotel,4.1,1.8,4.4
Austria,Vienna,141.0,1.6 miles,City centre,4.2 miles,Donauturm,Neubau,76,price for 1 night,Vienna,3.0,3.5,265.0,_ACCOM_TYPE@Hotel,3.5 /5,0,22246.0,1,1-15% offer,2017,11,0,0,1,Hotel,3.5,1.6,4.2
Austria,Vienna,6.0,0.8 miles,City centre,3.6 miles,Donauturm,Neubau,113,price for 1 night,Vienna,3.0,,,_ACCOM_TYPE@Hotel,3.7 /5,1,22248.0,0,0% no offer,2017,11,0,0,1,Hotel,3.7,0.8,3.6
Austria,Vienna,328.0,0.9 miles,City centre,3.6 miles,Donauturm,Neubau,110,price for 1 night,Vienna,4.0,4.5,2436.0,_ACCOM_TYPE@Hotel,4.4 /5,0,22249.0,1,15-50% offer,2017,11,0,0,1,Hotel,4.4,0.9,3.6
Austria,Vienna,123.0,1.0 mile,City centre,3.7 miles,Donauturm,Neubau,184,price for 1 night,Vienna,4.0,4.5,2431.0,_ACCOM_TYPE@Hotel,4.6 /5,0,22250.0,1,50%-75% offer,2017,11,0,0,1,Hotel,4.6,1.0,3.7
Austria,Vienna,308.0,1.7 miles,City centre,4.4 miles,Donauturm,Neubau,99,price for 1 night,Vienna,4.0,4.0,612.0,_ACCOM_TYPE@Hotel,4.1 /5,0,22253.0,1,15-50% offer,2017,11,0,0,1,Hotel,4.1,1.7,4.4
Austria,Vienna,54.0,0.8 miles,City centre,3.5 miles,Donauturm,Neubau,122,price for 1 night,Vienna,3.0,4.0,143.0,_ACCOM_TYPE@Hotel,3.9 /5,1,22254.0,1,1-15% offer,2017,11,0,0,1,Hotel,3.9,0.8,3.5
Austria,Vienna,544.0,1.7 miles,City centre,4.3 miles,Donauturm,Neubau,122,price for 1 night,Vienna,4.0,4.0,978.0,_ACCOM_TYPE@Hotel,4.3 /5,0,22255.0,1,1-15% offer,2017,11,0,0,1,Hotel,4.3,1.7,4.3
Austria,Vienna,359.0,1.7 miles,City centre,4.3 miles,Donauturm,Neubau,105,price for 1 night,Vienna,4.0,4.0,816.0,_ACCOM_TYPE@Hotel,4 /5,0,22256.0,0,0% no offer,2017,11,0,0,1,Hotel,4.0,1.7,4.3
Austria,Vienna,98.0,1.4 miles,City centre,4.0 miles,Donauturm,Neubau,109,price for 1 night,Vienna,4.0,4.0,582.0,_ACCOM_TYPE@Hotel,4 /5,0,22259.0,1,15-50% offer,2017,11,0,0,1,Hotel,4.0,1.4,4.0
Austria,Vienna,54.0,1.2 miles,City centre,3.9 miles,Donauturm,Neubau,105,price for 1 night,Vienna,3.0,4.5,412.0,_ACCOM_TYPE@Hotel,4.1 /5,1,22260.0,1,15-50% offer,2017,11,0,0,1,Hotel,4.1,1.2,3.9
Austria,Vienna,69.0,3.1 miles,City centre,5.2 miles,Donauturm,Ottakring,52,price for 1 night,Vienna,3.0,3.5,193.0,_ACCOM_TYPE@Hotel,3.5 /5,0,22268.0,1,15-50% offer,2017,11,0,0,1,Hotel,3.5,3.1,5.2
Austria,Vienna,83.0,4.1 miles,City centre,6.0 miles,Donauturm,Ottakring,80,price for 1 night,Vienna,4.0,4.0,265.0,_ACCOM_TYPE@Hotel,4 /5,0,22271.0,1,15-50% offer,2017,11,0,0,1,Hotel,4.0,4.1,6.0
Austria,Vienna,136.0,1.8 miles,City centre,4.4 miles,Donauturm,Rudolfsheim-Funfhaus,70,price for 1 night,Vienna,4.0,3.5,1020.0,_ACCOM_TYPE@Hotel,3.9 /5,0,22275.0,1,15-50% offer,2017,11,0,0,1,Hotel,3.9,1.8,4.4
Austria,Vienna,156.0,1.9 miles,City centre,4.5 miles,Donauturm,Rudolfsheim-Funfhaus,136,price for 1 night,Vienna,3.0,4.5,1452.0,_ACCOM_TYPE@Hotel,4.5 /5,0,22277.0,1,15-50% offer,2017,11,0,0,1,Hotel,4.5,1.9,4.5
Austria,Vienna,81.0,2.1 miles,City centre,4.8 miles,Donauturm,Rudolfsheim-Funfhaus,80,price for 1 night,Vienna,3.0,4.0,464.0,_ACCOM_TYPE@Hotel,4.1 /5,1,22279.0,1,15-50% offer,2017,11,0,0,1,Hotel,4.1,2.1,4.8
Austria,Vienna,54.0,2.4 miles,City centre,4.9 miles,Donauturm,Rudolfsheim-Funfhaus,81,price for 1 night,Vienna,3.0,4.5,635.0,_ACCOM_TYPE@Hotel,4.1 /5,1,22281.0,1,1-15% offer,2017,11,0,0,1,Hotel,4.1,2.4,4.9
Austria,Vienna,225.0,3.6 miles,City centre,6.1 miles,Donauturm,Rudolfsheim-Funfhaus,66,price for 1 night,Vienna,4.0,3.5,388.0,_ACCOM_TYPE@Hotel,3.7 /5,1,22285.0,1,1-15% offer,2017,11,0,0,1,Hotel,3.7,3.6,6.1
Austria,Vienna,144.0,2.8 miles,City centre,5.5 miles,Donauturm,Rudolfsheim-Funfhaus,77,price for 1 night,Vienna,3.0,4.0,241.0,_ACCOM_TYPE@Hotel,4 /5,0,22286.0,1,1-15% offer,2017,11,0,0,1,Hotel,4.0,2.8,5.5
Austria,Vienna,525.0,2.1 miles,City centre,4.8 miles,Donauturm,Rudolfsheim-Funfhaus,69,price for 1 night,Vienna,4.0,3.5,399.0,_ACCOM_TYPE@Hotel,3.7 /5,0,22288.0,1,1-15% offer,2017,11,0,0,1,Hotel,3.7,2.1,4.8
Austria,Vienna,113.0,2.1 miles,City centre,4.8 miles,Donauturm,Rudolfsheim-Funfhaus,83,price for 1 night,Vienna,3.0,4.0,260.0,_ACCOM_TYPE@Hotel,4.1 /5,0,22289.0,1,15-50% offer,2017,11,0,0,1,Hotel,4.1,2.1,4.8
Austria,Vienna,78.0,1.8 miles,City centre,4.5 miles,Donauturm,Rudolfsheim-Funfhaus,77,price for 1 night,Vienna,4.0,3.0,212.0,_ACCOM_TYPE@Hotel,3.9 /5,0,22293.0,1,15-50% offer,2017,11,0,0,1,Hotel,3.9,1.8,4.5
Austria,Vienna,134.0,1.7 miles,City centre,4.3 miles,Donauturm,Rudolfsheim-Funfhaus,121,price for 1 night,Vienna,4.0,4.0,7.0,_ACCOM_TYPE@Hotel,3.9 /5,0,22296.0,1,1-15% offer,2017,11,0,0,1,Hotel,3.9,1.7,4.3
Austria,Vienna,38.0,3.6 miles,City centre,6.2 miles,Donauturm,Schonbrunn,68,price for 1 night,Vienna,3.0,4.0,116.0,_ACCOM_TYPE@Hotel,3.5 /5,1,22299.0,1,15-50% offer,2017,11,0,0,1,Hotel,3.5,3.6,6.2
Austria,Vienna,65.0,2.0 miles,City centre,4.8 miles,Donauturm,Schonbrunn,63,price for 1 night,Vienna,3.0,3.5,199.0,_ACCOM_TYPE@Hotel,3.7 /5,0,22300.0,0,0% no offer,2017,11,0,0,1,Hotel,3.7,2.0,4.8
Austria,Vienna,92.0,2.1 miles,City centre,4.9 miles,Donauturm,Schonbrunn,101,price for 1 night,Vienna,3.0,4.5,187.0,_ACCOM_TYPE@Hotel,4.5 /5,0,22301.0,0,0% no offer,2017,11,0,0,1,Hotel,4.5,2.1,4.9
Austria,Vienna,100.0,2.6 miles,City centre,5.4 miles,Donauturm,Schonbrunn,75,price for 1 night,Vienna,4.0,3.5,309.0,_ACCOM_TYPE@Hotel,3.7 /5,0,22302.0,1,15-50% offer,2017,11,0,0,1,Hotel,3.7,2.6,5.4
Austria,Vienna,910.0,3.6 miles,City centre,6.2 miles,Donauturm,Schonbrunn,156,price for 1 night,Vienna,4.0,4.0,1122.0,_ACCOM_TYPE@Hotel,4.3 /5,0,22303.0,0,0% no offer,2017,11,0,0,1,Hotel,4.3,3.6,6.2
Austria,Vienna,79.0,3.7 miles,City centre,6.3 miles,Donauturm,Schonbrunn,56,price for 1 night,Vienna,3.0,4.0,177.0,_ACCOM_TYPE@Hotel,3.5 /5,0,22304.0,1,15-50% offer,2017,11,0,0,1,Hotel,3.5,3.7,6.3
Austria,Vienna,1541.0,2.4 miles,City centre,5.2 miles,Donauturm,Schonbrunn,82,price for 1 night,Vienna,3.5,4.5,1245.0,_ACCOM_TYPE@Hotel,4.5 /5,0,22306.0,1,15-50% offer,2017,11,0,0,1,Hotel,4.5,2.4,5.2
Austria,Vienna,183.0,2.6 miles,City centre,5.4 miles,Donauturm,Schonbrunn,82,price for 1 night,Vienna,4.0,4.0,1148.0,_ACCOM_TYPE@Hotel,4.4 /5,0,22307.0,1,15-50% offer,2017,11,0,0,1,Hotel,4.4,2.6,5.4
Austria,Vienna,30.0,4.1 miles,City centre,6.8 miles,Donauturm,Schonbrunn,106,price for 1 night,Vienna,3.0,3.0,69.0,_ACCOM_TYPE@Hotel,3.7 /5,1,22309.0,0,0% no offer,2017,11,0,0,1,Hotel,3.7,4.1,6.8
Austria,Vienna,24.0,3.1 miles,City centre,5.9 miles,Donauturm,Schonbrunn,85,price for 1 night,Vienna,3.0,3.0,114.0,_ACCOM_TYPE@Hotel,2.7 /5,1,22310.0,1,1-15% offer,2017,11,0,0,1,Hotel,2.7,3.1,5.9
Austria,Vienna,18.0,2.6 miles,City centre,5.4 miles,Donauturm,Schonbrunn,83,price for 1 night,Vienna,3.5,,,_ACCOM_TYPE@Hotel,4.5 /5,1,22311.0,1,15-50% offer,2017,11,0,0,1,Hotel,4.5,2.6,5.4
Austria,Vienna,140.0,2.9 miles,City centre,5.6 miles,Donauturm,Schonbrunn,92,price for 1 night,Vienna,4.0,4.0,753.0,_ACCOM_TYPE@Hotel,4.1 /5,0,22312.0,1,1-15% offer,2017,11,0,0,1,Hotel,4.1,2.9,5.6
Austria,Schwechat,333.0,11 miles,City centre,11 miles,Donauturm,Schwechat,92,price for 1 night,Vienna,3.0,4.0,196.0,_ACCOM_TYPE@Hotel,4.3 /5,0,22317.0,0,0% no offer,2017,11,0,0,1,Hotel,4.3,11.0,11.0
Austria,Schwechat,923.0,11 miles,City centre,11 miles,Donauturm,Schwechat,166,price for 1 night,Vienna,4.0,4.0,2400.0,_ACCOM_TYPE@Hotel,4 /5,0,22318.0,1,1-15% offer,2017,11,0,0,1,Hotel,4.0,11.0,11.0
Austria,Schwechat,122.0,7.7 miles,City centre,7.9 miles,Donauturm,Schwechat,137,price for 1 night,Vienna,4.0,3.5,191.0,_ACCOM_TYPE@Hotel,3.7 /5,1,22319.0,0,0% no offer,2017,11,0,0,1,Hotel,3.7,7.7,7.9
Austria,Schwechat,26.0,7.7 miles,City centre,7.9 miles,Donauturm,Schwechat,99,price for 1 night,Vienna,3.0,3.5,191.0,_ACCOM_TYPE@Hotel,3.7 /5,0,22320.0,0,0% no offer,2017,11,0,0,1,Hotel,3.7,7.7,7.9
Austria,Schwechat,73.0,7.8 miles,City centre,8.0 miles,Donauturm,Schwechat,140,price for 1 night,Vienna,4.0,4.0,127.0,_ACCOM_TYPE@Hotel,3.5 /5,1,22321.0,0,0% no offer,2017,11,0,0,1,Hotel,3.5,7.8,8.0
Austria,Schwechat,161.0,6.3 miles,City centre,6.9 miles,Donauturm,Schwechat,80,price for 1 night,Vienna,3.0,3.5,247.0,_ACCOM_TYPE@Hotel,3.2 /5,0,22322.0,0,0% no offer,2017,11,0,0,1,Hotel,3.2,6.3,6.9
Austria,Schwechat,39.0,6.7 miles,City centre,8.2 miles,Donauturm,Schwechat,91,price for 1 night,Vienna,3.0,3.5,161.0,_ACCOM_TYPE@Hotel,3.5 /5,0,22323.0,0,0% no offer,2017,11,0,0,1,Hotel,3.5,6.7,8.2
Austria,Vienna,124.0,2.0 miles,City centre,3.4 miles,Donauturm,Vienna,117,price for 1 night,Vienna,4.0,4.0,192.0,_ACCOM_TYPE@Hotel,4 /5,0,22328.0,0,0% no offer,2017,11,0,0,1,Hotel,4.0,2.0,3.4
Austria,Vienna,33.0,3.9 miles,City centre,6.4 miles,Donauturm,Vienna,66,price for 1 night,Vienna,3.0,3.5,129.0,_ACCOM_TYPE@Hotel,3.7 /5,0,22331.0,0,0% no offer,2017,11,0,0,1,Hotel,3.7,3.9,6.4
Austria,Vienna,21.0,3.7 miles,City centre,6.4 miles,Donauturm,Vienna,81,price for 1 night,Vienna,3.5,3.0,12.0,_ACCOM_TYPE@Hotel,4.1 /5,1,22334.0,1,1-15% offer,2017,11,0,0,1,Hotel,4.1,3.7,6.4
Austria,Vienna,160.0,3.5 miles,City centre,6.2 miles,Donauturm,Vienna,109,price for 1 night,Vienna,4.0,3.5,386.0,_ACCOM_TYPE@Hotel,4 /5,0,22335.0,1,1-15% offer,2017,11,0,0,1,Hotel,4.0,3.5,6.2
Austria,Vienna,72.0,3.1 miles,City centre,5.9 miles,Donauturm,Vienna,97,price for 1 night,Vienna,4.0,4.0,277.0,_ACCOM_TYPE@Hotel,4 /5,0,22340.0,1,15-50% offer,2017,11,0,0,1,Hotel,4.0,3.1,5.9
Austria,Vienna,65.0,4.8 miles,City centre,7.3 miles,Donauturm,Vienna,74,price for 1 night,Vienna,4.0,4.0,73.0,_ACCOM_TYPE@Hotel,3.9 /5,1,22341.0,1,15-50% offer,2017,11,0,0,1,Hotel,3.9,4.8,7.3
Austria,Vienna,147.0,3.7 miles,City centre,6.4 miles,Donauturm,Vienna,69,price for 1 night,Vienna,4.0,3.5,320.0,_ACCOM_TYPE@Hotel,3.7 /5,0,22342.0,1,15-50% offer,2017,11,0,0,1,Hotel,3.7,3.7,6.4
Austria,Vienna,45.0,3.9 miles,City centre,6.6 miles,Donauturm,Vienna,83,price for 1 night,Vienna,4.0,3.5,121.0,_ACCOM_TYPE@Hotel,4 /5,0,22343.0,1,15-50% offer,2017,11,0,0,1,Hotel,4.0,3.9,6.6
Austria,Vienna,50.0,3.9 miles,City centre,6.6 miles,Donauturm,Vienna,50,price for 1 night,Vienna,3.0,4.0,12.0,_ACCOM_TYPE@Hotel,3.9 /5,0,22344.0,1,15-50% offer,2017,11,0,0,1,Hotel,3.9,3.9,6.6
Austria,Vienna,26.0,3.7 miles,City centre,5.0 miles,Donauturm,Vienna,77,price for 1 night,Vienna,3.0,3.5,21.0,_ACCOM_TYPE@Hotel,4 /5,1,22348.0,0,0% no offer,2017,11,0,0,1,Hotel,4.0,3.7,5.0
Austria,Vienna,28.0,5.3 miles,City centre,7.6 miles,Donauturm,Vienna,102,price for 1 night,Vienna,3.0,4.5,204.0,_ACCOM_TYPE@Hotel,4 /5,0,22349.0,0,0% no offer,2017,11,0,0,1,Hotel,4.0,5.3,7.6
Austria,Vienna,12.0,6.6 miles,City centre,9.4 miles,Donauturm,Vienna,130,price for 1 night,Vienna,3.0,4.0,20.0,_ACCOM_TYPE@Hotel,4.4 /5,1,22353.0,0,0% no offer,2017,11,0,0,1,Hotel,4.4,6.6,9.4
Austria,Vienna,171.0,3.2 miles,City centre,4.5 miles,Donauturm,Vienna,78,price for 1 night,Vienna,3.0,4.0,811.0,_ACCOM_TYPE@Hotel,4.3 /5,0,22354.0,0,0% no offer,2017,11,0,0,1,Hotel,4.3,3.2,4.5
Austria,Vienna,34.0,3.3 miles,City centre,4.6 miles,Donauturm,Vienna,76,price for 1 night,Vienna,3.0,4.0,61.0,_ACCOM_TYPE@Hotel,3.7 /5,1,22355.0,1,1-15% offer,2017,11,0,0,1,Hotel,3.7,3.3,4.6
Austria,Vienna,69.0,4.5 miles,City centre,5.2 miles,Donauturm,Vienna,68,price for 1 night,Vienna,4.0,3.5,87.0,_ACCOM_TYPE@Hotel,4 /5,1,22356.0,1,1-15% offer,2017,11,0,0,1,Hotel,4.0,4.5,5.2
Austria,Vienna,84.0,2.7 miles,City centre,3.7 miles,Donauturm,Vienna,116,price for 1 night,Vienna,4.0,4.0,493.0,_ACCOM_TYPE@Hotel,4 /5,0,22358.0,1,15-50% offer,2017,11,0,0,1,Hotel,4.0,2.7,3.7
Austria,Vienna,212.0,2.2 miles,City centre,3.8 miles,Donauturm,Vienna,172,price for 1 night,Vienna,4.0,4.0,401.0,_ACCOM_TYPE@Hotel,4.1 /5,1,22359.0,1,1-15% offer,2017,11,0,0,1,Hotel,4.1,2.2,3.8
Austria,Vienna,12.0,2.4 miles,City centre,3.9 miles,Donauturm,Vienna,87,price for 1 night,Vienna,3.0,4.0,30.0,_ACCOM_TYPE@Hotel,4 /5,1,22362.0,0,0% no offer,2017,11,0,0,1,Hotel,4.0,2.4,3.9
Austria,Vienna,89.0,4.6 miles,City centre,7.4 miles,Donauturm,Vienna,90,price for 1 night,Vienna,3.0,3.0,78.0,_ACCOM_TYPE@Hotel,3 /5,1,22363.0,1,1-15% offer,2017,11,0,0,1,Hotel,3.0,4.6,7.4
Austria,Vienna,74.0,2.7 miles,City centre,4.2 miles,Donauturm,Vienna,100,price for 1 night,Vienna,3.5,4.0,282.0,_ACCOM_TYPE@Hotel,4.4 /5,1,22364.0,1,15-50% offer,2017,11,0,0,1,Hotel,4.4,2.7,4.2
Austria,Voesendorf,38.0,7.0 miles,City centre,9.7 miles,Donauturm,Voesendorf,89,price for 1 night,Vienna,4.0,3.0,73.0,_ACCOM_TYPE@Hotel,3.5 /5,0,22377.0,0,0% no offer,2017,11,0,0,1,Hotel,3.5,7.0,9.7
Austria,Voesendorf,115.0,7.1 miles,City centre,9.9 miles,Donauturm,Voesendorf,92,price for 1 night,Vienna,4.0,3.5,545.0,_ACCOM_TYPE@Hotel,3.7 /5,0,22378.0,0,0% no offer,2017,11,0,0,1,Hotel,3.7,7.1,9.9
Austria,Vienna,186.0,1.9 miles,City centre,2.7 miles,Donauturm,Wahring,84,price for 1 night,Vienna,3.0,4.5,982.0,_ACCOM_TYPE@Hotel,4.4 /5,0,22380.0,1,15-50% offer,2017,11,0,0,1,Hotel,4.4,1.9,2.7
Austria,Vienna,45.0,2.1 miles,City centre,3.0 miles,Donauturm,Wahring,185,price for 1 night,Vienna,4.0,4.0,142.0,_ACCOM_TYPE@Hotel,4.4 /5,1,22382.0,0,0% no offer,2017,11,0,0,1,Hotel,4.4,2.1,3.0
Austria,Vienna,168.0,3.0 miles,City centre,3.2 miles,Donauturm,Wahring,85,price for 1 night,Vienna,4.0,3.5,553.0,_ACCOM_TYPE@Hotel,4 /5,0,22384.0,1,1-15% offer,2017,11,0,0,1,Hotel,4.0,3.0,3.2
Austria,Vienna,77.0,1.6 miles,City centre,4.0 miles,Donauturm,Wieden,110,price for 1 night,Vienna,3.5,4.5,116.0,_ACCOM_TYPE@Hotel,4.5 /5,0,22386.0,0,0% no offer,2017,11,0,0,1,Hotel,4.5,1.6,4.0
Austria,Vienna,72.0,1.6 miles,City centre,4.0 miles,Donauturm,Wieden,86,price for 1 night,Vienna,3.0,4.0,89.0,_ACCOM_TYPE@Hotel,4.3 /5,0,22387.0,0,0% no offer,2017,11,0,0,1,Hotel,4.3,1.6,4.0
Austria,Vienna,158.0,1.0 mile,City centre,3.6 miles,Donauturm,Wieden,118,price for 1 night,Vienna,4.0,4.0,436.0,_ACCOM_TYPE@Hotel,4.1 /5,0,22388.0,0,0% no offer,2017,11,0,0,1,Hotel,4.1,1.0,3.6
Austria,Vienna,15.0,0.9 miles,City centre,3.6 miles,Donauturm,Wieden,126,price for 1 night,Vienna,3.5,,,_ACCOM_TYPE@Hotel,4.5 /5,1,22389.0,1,1-15% offer,2017,11,0,0,1,Hotel,4.5,0.9,3.6
Austria,Vienna,291.0,1.3 miles,City centre,3.9 miles,Donauturm,Wieden,92,price for 1 night,Vienna,3.0,4.0,688.0,_ACCOM_TYPE@Hotel,4.3 /5,0,22390.0,1,15-50% offer,2017,11,0,0,1,Hotel,4.3,1.3,3.9
Austria,Vienna,317.0,0.8 miles,City centre,3.5 miles,Donauturm,Wieden,197,price for 1 night,Vienna,4.0,4.5,1840.0,_ACCOM_TYPE@Hotel,4.8 /5,1,22391.0,1,15-50% offer,2017,11,0,0,1,Hotel,4.8,0.8,3.5
Austria,Vienna,280.0,1.2 miles,City centre,3.9 miles,Donauturm,Wieden,135,price for 1 night,Vienna,4.0,4.0,1121.0,_ACCOM_TYPE@Hotel,4.5 /5,0,22394.0,0,0% no offer,2017,11,0,0,1,Hotel,4.5,1.2,3.9
Austria,Vienna,47.0,1.2 miles,City centre,3.7 miles,Donauturm,Wieden,125,price for 1 night,Vienna,4.0,4.5,229.0,_ACCOM_TYPE@Hotel,4.4 /5,0,22395.0,1,15-50% offer,2017,11,0,0,1,Hotel,4.4,1.2,3.7
Austria,Vienna,125.0,0.8 miles,City centre,3.5 miles,Donauturm,Wieden,134,price for 1 night,Vienna,4.0,4.5,615.0,_ACCOM_TYPE@Hotel,4.5 /5,0,22397.0,1,1-15% offer,2017,11,0,0,1,Hotel,4.5,0.8,3.5
Austria,Vienna,34.0,0.9 miles,City centre,3.7 miles,Donauturm,Wieden,91,price for 1 night,Vienna,3.0,3.5,383.0,_ACCOM_TYPE@Hotel,3.5 /5,1,22398.0,1,15-50% offer,2017,11,0,0,1,Hotel,3.5,0.9,3.7
Austria,Vienna,112.0,0.8 miles,City centre,3.6 miles,Donauturm,Wieden,110,price for 1 night,Vienna,3.0,4.0,263.0,_ACCOM_TYPE@Hotel,3.9 /5,0,22399.0,0,0% no offer,2017,11,0,0,1,Hotel,3.9,0.8,3.6
Austria,Vienna,77.0,1.2 miles,City centre,3.7 miles,Donauturm,Wieden,100,price for 1 night,Vienna,3.0,4.0,149.0,_ACCOM_TYPE@Hotel,4 /5,1,22401.0,1,1-15% offer,2017,11,0,0,1,Hotel,4.0,1.2,3.7
Austria,Vienna,572.0,1.5 miles,City centre,3.9 miles,Donauturm,Wieden,95,price for 1 night,Vienna,4.0,4.0,1003.0,_ACCOM_TYPE@Hotel,4.1 /5,1,22402.0,1,1-15% offer,2017,11,0,0,1,Hotel,4.1,1.5,3.9
Austria,Vienna,53.0,1.5 miles,City centre,4.0 miles,Donauturm,Wieden,73,price for 1 night,Vienna,3.0,3.0,293.0,_ACCOM_TYPE@Hotel,3.4 /5,1,22403.0,1,1-15% offer,2017,11,0,0,1,Hotel,3.4,1.5,4.0
Austria,Vienna,112.0,1.0 mile,City centre,3.7 miles,Donauturm,Wieden,100,price for 1 night,Vienna,4.0,4.5,1006.0,_ACCOM_TYPE@Hotel,4.4 /5,1,22407.0,0,0% no offer,2017,11,0,0,1,Hotel,4.4,1.0,3.7
Austria,Vienna,169.0,1.4 miles,City centre,4.1 miles,Donauturm,Wieden,58,price for 1 night,Vienna,3.0,3.0,135.0,_ACCOM_TYPE@Hotel,3.2 /5,0,22408.0,1,15-50% offer,2017,11,0,0,1,Hotel,3.2,1.4,4.1
